招聘主题,用人单位,发布日期,浏览次数,职位数量
2022神马电力集团招聘,江苏神马电力股份有限公司,2022-01-10,1,1
中国人民银行清算总中心博士后科研工作站2022年度博士后招收简章,中国人民银行清算总中心,2022-01-10,1,1
山东电力设备有限公司2022届毕业生招聘,山东电力设备有限公司,2022-01-10,1,2
格力电器2022届春季校园招聘提前批,珠海格力电器股份有限公司,2022-01-10,1,1
中国信通院企业数字化战略研究员,中国信息通信研究院,2022-01-10,1,1
常州机电职业技术学院2022年公开招聘工作人员（第一批）,北京海天创高网络技术有限公司,2022-01-10,1,1
厦门理工学院2021-2022年公开招聘人才启事,北京神州硕博信息技术有限公司,2022-01-10,24,1
赋乐科技2022届校园招聘,北京知多星科技有限公司,2022-01-10,22,7
数码视讯科技集团2022校园招聘,北京数码视讯科技股份有限公司,2022-01-10,20,1
深开鸿2022届校园招聘简章,深圳开鸿数字产业发展有限公司,2022-01-10,15,6
北京大地泰华会计师事务所（特殊普通合伙）2022校园招聘,北京大地泰华会计师事务所（特殊普通合伙）,2022-01-09,294,1
北京大地泰华会计师事务所（特殊普通合伙）校园招聘,北京大地泰华会计师事务所（特殊普通合伙）,2022-01-09,241,1
重庆唯申科技有限公司招聘LabVIEW工程师,重庆唯申科技有限公司,2022-01-09,229,2
湖南高尔夫旅游职业学院招聘,北京高博中进信息技术有限公司,2022-01-09,222,1
中国农业发展银行博士后科研工作站2022年博士后研究人员招收公告,广州高才信息科技有限公司,2022-01-09,220,1
辽宁工程技术大学2021-2022年招聘人才公告,北京南方国际人力资源顾问有限公司,2022-01-09,212,1
总部职能管理岗,中国医药健康产业股份有限公司,2022-01-09,222,6
曲靖师范学院2022年计划引进60名高层次人才,北京海天创高网络技术有限公司,2022-01-09,204,1
2022届校招管培生 中信证券北京分公司,中信证券股份有限公司北京分公司,2022-01-09,214,1
大连东软教育科技集团2022校园招聘,大连东软教育科技集团有限公司,2022-01-09,205,1
2021-2022零点有数校园招聘火热开启,北京零点有数数据科技股份有限公司,2022-01-09,214,3
东北电力大学人才招聘计划,北京神州之窗网络技术服务有限公司,2022-01-09,202,1
菏泽学院2022年人才招聘简章,北京神州硕博信息技术有限公司,2022-01-09,203,1
售前工程师,北京逐明科技有限公司,2022-01-09,201,1
后端开发工程师,北京逐明科技有限公司,2022-01-09,221,1
前端开发工程师,北京逐明科技有限公司,2022-01-09,195,1
测试工程师,北京逐明科技有限公司,2022-01-09,187,1
销售经理,北京逐明科技有限公司,2022-01-09,184,1
牧原2022年春节招聘,牧原食品股份有限公司,2022-01-09,199,1
桂林航天工业学院2021-2022年博士招聘公告,北京南方国际人力资源顾问有限公司,2022-01-09,182,1
西昌学院2022年考核招聘博士人才公告,北京神州硕博信息技术有限公司,2022-01-09,40,1
江西服装学院2022年招聘启事,北京南方国际人力资源顾问有限公司,2022-01-09,41,1
武汉生物工程学院2022年人才招聘简章,北京神州硕博信息技术有限公司,2022-01-09,37,1
延安大学2021-2022年教师岗位招聘公告,北京神州硕博信息技术有限公司,2022-01-09,38,1
中国艺术科技研究所博士后科研工作站2022年招聘公告,北京神州硕博信息技术有限公司,2022-01-09,40,1
北京菁正咨询有限公司2022年春季校园招聘,北京菁正咨询有限公司,2022-01-06,551,2
天津卷烟厂2022届新员工招聘,上海烟草集团有限责任公司天津卷烟厂,2022-01-06,472,1
丹江口水利枢纽小水电有限公司校园招聘启事,中研博硕信息科技（湖北）有限公司,2022-01-06,380,1
深圳市埃芯半导体科技有限公司人才引进,中研博硕信息科技（湖北）有限公司,2022-01-06,379,1
武汉船用机械有限责任公司2022年校园招聘,中研博硕信息科技（湖北）有限公司,2022-01-06,367,1
株洲时代电子技术有限公司招聘简章,中研博硕信息科技（湖北）有限公司,2022-01-06,357,1
中国电子科技集团公司第十一研究所招聘,华北光电技术研究所（中国电子科技集团公司第十一研究所）,2022-01-06,401,1
云南省农村信用社科技结算中心 2022年度校园招聘公告,云南省农村信用社科技结算中心,2022-01-06,350,1
内蒙古大学常年引进人才公告,北京神州硕博信息技术有限公司,2022-01-06,341,1
粤港澳大湾区重要节点城市——惠州学院2021年招聘专任教师（博士、硕士）,北京神州硕博信息技术有限公司,2022-01-06,346,1
新加坡国立大学重庆研究院2022春季招聘简章,重庆新国大研究院,2022-01-06,343,2
中国水产科学研究院黄海水产研究所博士后科研工作站2022年博士后研究人员招收简章,北京高博中进信息技术有限公司,2022-01-06,335,1
华夏银行信用卡中心2022年业务管理培训生招聘,华夏银行股份有限公司信用卡中心,2022-01-06,350,1
广东医科大学2022年公开招聘高校应届毕业生,北京海天创高网络技术有限公司,2022-01-06,345,1
C&F School 阳光心霖儿童公社2022年校园招聘,昆明心霖公社培训学校,2022-01-06,339,5
安阳工学院2021-2022年招聘简章,北京神州硕博信息技术有限公司,2022-01-06,193,1
广州市建筑科学研究院集团有限公司2022年博士后招聘简章,北京神州硕博信息技术有限公司,2022-01-06,141,1
中华财险2022校园招聘简章,中华联合财产保险股份有限公司,2022-01-06,124,1
思必驰2022届春季校园招聘,思必驰科技股份有限公司,2022-01-06,137,13
攀枝花学院2022年高层次人才招聘简章,北京磐石活水信息科技有限公司,2022-01-06,123,1
福州大学最新博士后招聘公告,北京南方国际人力资源顾问有限公司,2022-01-05,608,1
博后英才，深圳@您！深圳市人民医院面向全球广纳贤才,北京海天创高网络技术有限公司,2022-01-05,438,1
虚位以待 职等你来|天津市智能轨道交通人才创新创业联盟暨武清区重点企业组团招聘来了！,天津市武清区人力资源和社会保障局,2022-01-05,428,1
曲靖师范学院2022年计划高薪引进60名高层次人才,北京高博中进信息技术有限公司,2022-01-05,396,1
空军工程大学2021年面向社会公开招考文职人员补录公告,中国人民解放军空军工程大学,2022-01-05,406,1
管培生,北京万域芳菲文化发展有限公司,2022-01-05,384,1
北京环佳通信技术有限公司诚聘北邮英才,北京市环佳通信技术公司,2022-01-05,408,13
2022烽火校园招聘,武汉烽火技术服务有限公司,2022-01-05,390,3
中航材利顿航空科技有限公司管培生招聘,中航材利顿航空科技有限公司,2022-01-05,394,2
Thoughtworks 中国区 2022 届校园招聘（补录场）,思特沃克软件（北京）有限公司,2022-01-05,395,1
2022襄阳市选调生招录,中共襄阳市委组织部,2022-01-05,668,1
湘潭大学2021年诚聘海内外人才,北京神州之窗网络技术服务有限公司,2022-01-05,560,1
牧原22届应届生招聘,牧原食品股份有限公司,2022-01-05,552,1
中信证券杭州凤起路营业部2022校园招聘,中信证券股份有限公司杭州凤起路证券营业部,2022-01-05,538,1
C&F School 阳光心霖儿童公社2022年校园招聘简章,昆明市盘龙区心霖公社教育培训中心,2022-01-05,502,5
C++研发工程师,华控清交信息科技（北京）有限公司,2022-01-05,431,1
2022中公教育校园招聘,,2022-01-05,392,1
售前解决方案管培生（北京）,华控清交信息科技（北京）有限公司,2022-01-05,372,1
售前解决方案管培生（上海）,华控清交信息科技（北京）有限公司,2022-01-05,378,1
软件研发工程师（密码与安全）,华控清交信息科技（北京）有限公司,2022-01-05,372,1
编译工程师,华控清交信息科技（北京）有限公司,2022-01-05,368,1
软件研发工程师（算法与数据科学）,华控清交信息科技（北京）有限公司,2022-01-05,362,1
大客户销售管培生（北京）,华控清交信息科技（北京）有限公司,2022-01-05,354,1
海南工商职业学院2022年春季人才招聘,北京海天创高网络技术有限公司,2022-01-05,365,1
中国水产科学研究院黄海水产研究所2022年公开招聘工作人员,北京高博中进信息技术有限公司,2022-01-05,358,1
大客户销售管培生（上海）,华控清交信息科技（北京）有限公司,2022-01-05,315,1
中国石油大学（北京）克拉玛依校区2022年度招聘简章,中国石油大学（北京）克拉玛依校区,2022-01-05,311,3
徐州工程学院2022年人才引进政策及计划,北京神州之窗网络技术服务有限公司,2022-01-05,307,1
江苏科技大学2021-2022年诚聘海内外优秀人才,北京南方国际人力资源顾问有限公司,2022-01-05,306,1
中山大学微电子科学与技术学院虞志益教授团队（下一代处理器研究团队）招聘科研助理公告,广州高才信息科技有限公司,2022-01-05,303,1
汉航（北京）科技有限公司招聘进行中,汉航（北京）科技有限公司,2022-01-05,297,2
宿迁学院2021-2022年人才招聘公告,北京南方国际人力资源顾问有限公司,2022-01-05,287,1
四川轻化工大学2022年人才引进政策,北京神州硕博信息技术有限公司,2022-01-04,1324,1
重磅来袭，百万揽才｜巢湖学院2021-2022年人才引进公告,北京神州硕博信息技术有限公司,2022-01-04,873,1
国家国防科技工业局军工项目审核中心公开招聘,国家国防科技工业局军工项目审核中心,2022-01-04,894,1
航天三院三〇四所2022年校园招聘,北京京航计算通讯研究所,2022-01-02,2476,1
深圳前海麦格美科技有限公司2022管培生招聘,深圳前海麦格美科技有限公司,2022-01-02,1827,1
2022极米科技春季招聘提前批-招聘简章及岗位详情,成都极米科技股份有限公司,2022-01-02,1718,23
常州工学院2021-2022年人才招聘启事,北京南方国际人力资源顾问有限公司,2022-01-02,1622,1
浙江大学杭州国际科创中心先进储能技术课题组2022年博士后招聘公告,广州高才信息科技有限公司,2021-12-31,2214,1
武汉东湖学院马克思主义学院教师招聘,北京高博中进信息技术有限公司,2021-12-31,1839,1
2021-2022零点有数校园招聘火热开启,北京零点有数数据科技股份有限公司,2021-12-31,1788,1
广西师范大学2021年高层次人才招聘公告,北京南方国际人力资源顾问有限公司,2021-12-31,1754,1
青岛鼎信通讯 2022 届秋季校园招聘,青岛鼎信通讯股份有限公司,2021-12-31,1733,1
“安装星 星未来” 中建三局安装工程有限公司（中建三局智慧事业部）2022校园招聘,中建三局安装工程有限公司,2021-12-31,1745,1
极米2022届春季校园招聘,成都极米科技股份有限公司,2021-12-31,1710,1
电学专利代理人,北京亦城知本知识产权咨询有限公司,2021-12-31,1698,1
诚壹资本招聘投资助理,,2021-12-31,1749,
深部岩土力学与地下工程国家重点实验室面向海内外诚聘博士后研究人员,北京神州之窗网络技术服务有限公司,2021-12-31,1404,1
长城软件2022校园招聘,长城计算机软件与系统有限公司,2021-12-31,1398,1
中信证券北京分公司2022年校园招聘火热进行中,中信证券股份有限公司北京分公司,2021-12-31,1267,1
青春韶华 腾飞起航 | 中国华腾2022年度招聘正式启动,中国华腾工业有限公司,2021-12-30,1827,1
推想-与AI同行 推想未来,推想医疗科技股份有限公司,2021-12-30,1498,1
西南医科大学2022年诚聘海内外英才,北京神州之窗网络技术服务有限公司,2021-12-30,1432,1
浙江新安化工集团股份有限公司2022届校园招聘,浙江新安化工集团股份有限公司,2021-12-30,1349,4
中国天辰工程有限公司2022年校园招聘,中国天辰工程有限公司,2021-12-30,1356,1
亚信科技招聘简章,中研博硕信息科技（湖北）有限公司,2021-12-30,1338,1
招商证券股份有限公司北京朝阳公园路证券营业部【招聘】,招商证券股份有限公司北京朝阳公园路证券营业部,2021-12-30,1319,2
揽英才 金陵科技学院招才引智，诚邀您的加盟,广州高才信息科技有限公司,2021-12-30,1434,1
麦捷科技2022年校园招聘简章,中研博硕信息科技（湖北）有限公司,2021-12-30,1411,1
启明信息技术股份有限公司2022年校园招聘简章,启明信息技术股份有限公司,2021-12-29,2388,4
清华大学天津高端装备研究院人才引进,中研博硕信息科技（湖北）有限公司,2021-12-29,2027,1
你和我的距离只有一封简历的厚度,北京广富晖电子科技有限公司,2021-12-29,2048,4
中证信息技术服务有限责任公司 2021年度招聘公告,中证信息技术服务有限责任公司,2021-12-29,1975,1
中国科学技术大学先进技术研究院2021-2022年度招聘简章,北京神州之窗网络技术服务有限公司,2021-12-29,2018,1
阳光电源2022届全球校园招聘秋招补录,阳光电源股份有限公司,2021-12-29,1870,1
中国卫通集团股份有限公司招聘,中国卫通集团股份有限公司,2021-12-29,1654,1
西安电子科技大学空间科学与技术学院2021年教师岗位招聘启事,北京南方国际人力资源顾问有限公司,2021-12-29,1611,1
中国热带农业科学院热带作物品种资源研究所2022年高层次及博士人才公开招聘公告,北京南方国际人力资源顾问有限公司,2021-12-29,1560,1
中国供销集团2022年度应届高校毕业生招聘公告,中国供销集团有限公司,2021-12-29,1595,1
华夏久盈资产管理有限责任公司2022校园招聘,华夏久盈资产管理有限责任公司,2021-12-29,1552,1
中国搜索2022年校园招聘简章,中国搜索信息科技股份有限公司,2021-12-29,1572,1
深圳市大数据研究院科研人员招聘简章,深圳市大数据研究院,2021-12-29,1714,2
九江学院2022年人才招聘公告,北京南方国际人力资源顾问有限公司,2021-12-29,1621,1
恒上咨询代宽带资本旗下云天使基金投资经理,北京恒上管理咨询有限公司,2021-12-28,1835,1
宁波工程学院2021年高层次人才（教师）招聘公告,广州高才信息科技有限公司,2021-12-28,1434,1
长三角腹地-常州工学院2021年人才招聘启事,北京神州之窗网络技术服务有限公司,2021-12-28,1294,1
校园招聘,天安人寿保险股份有限公司,2021-12-28,1241,3
中国海外工程有限责任公司2022届大学毕业生招聘公告,中国海外工程有限责任公司,2021-12-28,1230,1
正大集团2021-2022年度中央采购部校园招聘,正大贸易（中国）有限公司,2021-12-28,1236,1
网络安全就业招聘,中科安恒（北京）科技有限公司,2021-12-28,1191,10
福建工程学院2022年师资招聘计划,北京高博中进信息技术有限公司,2021-12-28,1136,1
湖北汽车工业学院 2021年面向社会专项公开招聘工作人员公告,十堰及时雨网络科技有限公司,2021-12-28,1119,1
职能管理类,北京金隅天坛家具股份有限公司,2021-12-28,1138,6
集团财务室工作人员,四川现代教育集团,2021-12-28,1134,1
北京上元信安技术有限公司招聘,北京上元信安技术有限公司,2021-12-28,1120,4
江西服装学院2022年招聘启事,北京高博中进信息技术有限公司,2021-12-28,1096,1
山东电力设备有限公司2022届高校毕业生招聘,山东电力设备有限公司,2021-12-28,1080,1
2022年校招岗位-金融公司,成都朋锦仲阳投资管理中心（有限合伙）,2021-12-28,1053,1
广州华立学院2022年博士招聘启事,北京神州之窗网络技术服务有限公司,2021-12-28,1038,1
武汉市自然资源和规划信息中心2021-2022年应届毕业生和相关岗位社会人才招聘简章,武汉市自然资源和规划信息中心,2021-12-28,1002,1
厦门理工学院2021年公开招聘人才启事,北京神州之窗网络技术服务有限公司,2021-12-28,971,1
浙江师范大学2021年专任教师招聘公告,北京南方国际人力资源顾问有限公司,2021-12-28,981,1
12月29日智联直播 | 500强企业远东控股集团（多专业）,远东控股集团有限公司,2021-12-28,979,1
2022年北京城市学院招聘启事,北京城市学院,2021-12-28,1075,4
芯征程,北京北方高业科技有限公司,2021-12-28,966,5
三环集团2022届秋季校园招聘火热进行中,潮州三环（集团）股份有限公司,2021-12-28,948,2
一汽解放汽车有限公司2022年秋季校园招聘启事,一汽解放汽车有限公司,2021-12-28,950,1
未来已来 只等你来 ——海南自由贸易港招才引智活动致广大学子的邀请函,国投人力资源服务有限公司,2021-12-27,1088,1
2022届校园招聘,中国电子产业工程有限公司,2021-12-27,1079,1
集团办公室工作人员,四川现代教育集团,2021-12-27,1003,1
集团后勤部工作人员,四川现代教育集团,2021-12-27,1003,1
2022中公教育校园招聘,,2021-12-27,997,1
数码视讯科技集团2022届校园招聘,北京数码视讯科技股份有限公司,2021-12-27,1035,1
中国电子科技集团公司第五十研究所【2022届校招】,上海微波技术研究所（中国电子科技集团公司第五十研究所）,2021-12-25,1590,7
中科院兰州化物所2022年人才招聘启事,中国科学院兰州化学物理研究所,2021-12-25,1369,1
2022年中信证券股份有限公司北京分公司管培生校园招聘,中信证券股份有限公司北京分公司,2021-12-25,1286,1
2021-2022零点有数校园招聘火热开启,北京零点有数数据科技股份有限公司,2021-12-25,1230,3
泰山学院2022年人才引进不限专业,北京南方国际人力资源顾问有限公司,2021-12-25,1218,1
C&F School 阳光心霖儿童公社2022年校园招聘,昆明市盘龙区心霖公社教育培训中心,2021-12-25,1195,6
北京工业大学先进电池材料与器件研究所（尉海军教授课题组）2021-2022年人才招聘,广州高才信息科技有限公司,2021-12-24,1489,1
深圳雅学科技有限公司2021年招聘,北京高博中进信息技术有限公司,2021-12-24,1262,1
宇通集团2022届管培生招聘简章,郑州宇通集团有限公司,2021-12-24,1207,1
雅培中国2022校园招聘,雅培医疗器械贸易（上海）有限公司,2021-12-24,1210,1
销售&技术管理培训生招聘,北京瑞星网安技术股份有限公司,2021-12-24,1225,2
进出口招贤纳士,东方国科（北京）进出口有限公司,2021-12-24,1222,4
山东建筑大学第五届“海右青年学者论坛”诚邀海内外英才相聚云端,广州高才信息科技有限公司,2021-12-24,1202,1
唐山银行2022年校园招聘启事,唐山银行股份有限公司,2021-12-24,1211,1
银联国际有限公司2022届校园招聘,银联国际有限公司,2021-12-23,1179,1
电子科技大学先进毫米波技术集成攻关研究院招聘青年教师、博士后,电子科技大学,2021-12-23,1082,1
天津大学“生物信息测量与生物制造实验室”诚聘英才,广州高才信息科技有限公司,2021-12-23,990,1
重庆能源职业学院招聘简章,北京海天创高网络技术有限公司,2021-12-23,1045,1
2021下半年浙江农林大学专任教师岗位招聘公告,北京南方国际人力资源顾问有限公司,2021-12-23,982,1
广州航海学院 广州交通大学（筹）2021年招聘教授公告,北京南方国际人力资源顾问有限公司,2021-12-23,984,1
苏州｜常熟理工学院2021-2022年面向海内外诚聘英才,北京南方国际人力资源顾问有限公司,2021-12-23,970,1
北京航空航天大学虚拟现实技术与系统国家重点实验室2021年专职工程师招聘公告,广州高才信息科技有限公司,2021-12-23,991,1
商丘工学院2022年教师招聘,北京高博中进信息技术有限公司,2021-12-23,969,1
中国船舶第八研究院（扬州院区·原七二三所）诚聘人才公告,北京南方国际人力资源顾问有限公司,2021-12-23,971,1
不负韶华 共筑梦想-枣庄学院2021年人才招聘启事,北京南方国际人力资源顾问有限公司,2021-12-23,962,1
深圳市影子投资管理有限公司校园诚聘,深圳市影子投资管理有限公司,2021-12-23,961,3
瀛通通讯股份有限公司2022届毕业生,瀛通通讯股份有限公司,2021-12-22,979,2
中企通信2022校园招聘,,2021-12-22,1001,1
吉首大学张家界学院2022年专任教师招聘公告,吉首大学张家界学院,2021-12-22,965,3
2022年春季全国博士、博士后高级人才专场巡回签约洽谈会——中国科学院大学站,中研博硕英才信息咨询（武汉）有限公司,2021-12-22,965,2
兵器装备集团财务有限责任公司 2022届校园招聘,中国兵器装备集团人力资源开发中心,2021-12-22,990,1
安徽理工大学2022年博士招聘,北京高博中进信息技术有限公司,2021-12-22,948,1
正大集团2021-2022年度中央采购部校园招聘,正大贸易（中国）有限公司,2021-12-22,957,1
北京朗姿韩亚资产管理有限公司博士后科研工作站2022年度招聘简章,广州高才信息科技有限公司,2021-12-22,923,1
华夏人寿保险股份有限公司2022届校园招聘启事,华夏人寿保险股份有限公司,2021-12-22,940,1
小米集团2022全球校园招聘-汽车专项,小米科技有限责任公司,2021-12-22,963,1
小黑盒2022年校招,清枫（北京）科技有限公司,2021-12-22,935,6
紫光数码集团2022年度高校毕业生招聘,紫光电子商务有限公司,2021-12-22,934,1
福州大学博士后科研流动站2022年人才招聘计划,北京神州硕博信息技术有限公司,2021-12-22,912,1
新乡医学院2021年诚聘海内外高层次人才,北京磐石活水信息科技有限公司,2021-12-22,894,1
宁夏大学煤炭高效利用与绿色化工国家重点实验室 学术带头人/青年研究骨干/博士后招聘,北京神州硕博信息技术有限公司,2021-12-22,892,1
东北电力大学2021-2022年诚聘海内外人才,北京神州硕博信息技术有限公司,2021-12-22,897,1
网易有道2022届秋季校园招聘火热进行ing,网易有道信息技术（北京）有限公司,2021-12-22,920,1
深圳市巨博华投资有限公司，期待与聪明勤奋、不甘平庸、正直守信的你，携手打造中国最优秀的量化交易团队,深圳市巨博华投资有限公司,2021-12-22,891,2
中信证券北京分公司2022年校园招聘,中信证券股份有限公司北京分公司,2021-12-21,967,1
上海交通大学微纳工程科学重点实验室2021-2022年招聘简章,广州高才信息科技有限公司,2021-12-21,927,1
中山大学微电子科学与技术学院人才招聘,北京南方国际人力资源顾问有限公司,2021-12-21,917,1
2022年徐工机械建设机械分公司校园招聘,徐工集团工程机械股份有限公司建设机械分公司,2021-12-21,916,1
北京司拓民航科技有限责任公司 2022年校园招聘简章,北京司拓民航科技有限责任公司,2021-12-21,929,1
【金融科技·创变未来】中金公司信息技术部2022届应届生专项招聘,中国国际金融股份有限公司,2021-12-21,986,5
首钢集团财务有限公司招聘,首钢集团财务有限公司,2021-12-21,945,1
2022中国电建集团青海省电力设计院有限公司电气师校园招聘,中国电建集团青海省电力设计院有限公司,2021-12-21,940,1
北京市地铁运营有限公司技术创新研究院招聘,北京市地铁运营有限公司技术创新研究院分公司,2021-12-20,934,1
闽南科技学院2021-2022学年招聘启事,北京高博中进信息技术有限公司,2021-12-20,881,1
2022年应届生招聘,北京中诚天下投资顾问有限公司,2021-12-20,879,6
【佳能医疗】研发岗：AI算法/C++开发,佳能医疗系统（中国）有限公司,2021-12-20,880,2
全球招聘！科学岛诚邀海内外人才加盟！,中国科学院合肥物质科学研究院,2021-12-20,873,1
远东控股集团2022校园招聘,远东控股集团有限公司,2021-12-20,865,6
2021-2022年中车唐山机车车辆有限公司招聘启事,中车唐山机车车辆有限公司,2021-12-20,848,2
行业第一，宇通集团2022年应届毕业生管培生招聘简章,广州高才信息科技有限公司,2021-12-20,861,1
中国发展研究基金会2022年招聘启事,广州高才信息科技有限公司,2021-12-20,869,1
2022中公教育校园招聘,,2021-12-20,848,1
南京理工大学基础前沿交叉中心教师招聘,南京理工大学江阴校区,2021-12-20,854,1
慧策（北京掌上先机网络科技有限公司）2022校园招聘,北京掌上先机网络科技有限公司,2021-12-20,850,2
广西师范大学2021年人才招聘公告,北京南方国际人力资源顾问有限公司,2021-12-20,854,1
桂林理工大学2021年诚聘海内外人才,北京南方国际人力资源顾问有限公司,2021-12-20,855,1
中企伍佰信息技术研究院招聘院长助理,北京中企伍佰信息技术研究院,2021-12-19,1002,1
耀未来，乘青春——耀乘健康2022校园招聘,上海耀乘健康科技有限公司,2021-12-19,824,1
上海天数智芯半导体有限公司2022校园招聘文稿,上海天数智芯半导体有限公司,2021-12-19,865,1
ASM先进科技2022校园招聘补录,先进科技（中国）有限公司,2021-12-18,877,1
陕西科技大学2022年博士后研究人员招收公告,北京南方国际人力资源顾问有限公司,2021-12-18,851,1
石家庄医学高等专科学校2022年教师招聘,北京高博中进信息技术有限公司,2021-12-18,847,1
广东电网有限责任公司2022年博士后人员招聘启事,北京南方国际人力资源顾问有限公司,2021-12-18,855,1
中国电子科技集团公司第十一研究所招聘,华北光电技术研究所（中国电子科技集团公司第十一研究所）,2021-12-18,920,1
诺唯赞2022全球校园招聘—博士人才招聘计划正式启动,北京神州硕博信息技术有限公司,2021-12-18,847,1
上海中广核工程科技有限公司2022校园招聘,上海中广核工程科技有限公司,2021-12-18,869,4
三环集团2022届秋季校园招聘,潮州三环（集团）股份有限公司,2021-12-18,862,2
客户经理,北京京电博天电力工程有限公司,2021-12-18,847,1
北京宏天信业信息技术股份有限公司 -- 应届毕业生招聘,北京宏天信业信息技术股份有限公司,2021-12-18,859,1
广州虹科电子2022秋季校园招聘（全国）,,2021-12-18,831,2
大连人才服务中心 “学子来连、业成滨城”2021-2022 空中双选会邀请函,大连市人才服务中心,2021-12-18,837,1
海纳天下才，智汇石家庄——第一届石家庄“海石杯”高层次人才创新创业大赛,中共石家庄市委组织部,2021-12-18,839,1
中信证券北京分公司培训生,中信证券股份有限公司北京分公司,2021-12-18,823,1
九江学院2022年诚聘海内外人才,北京神州硕博信息技术有限公司,2021-12-18,822,1
谷斗科技招聘简章,谷斗科技（上海）有限公司,2021-12-18,834,9
2021-2022零点有数校园招聘火热开启,北京零点有数数据科技股份有限公司,2021-12-18,829,3
中国石化大连石油化工研究院全球招聘人才公告,北京神州硕博信息技术有限公司,2021-12-16,939,1
山东电力设备有限公司2022届毕业生招聘,山东电力设备有限公司,2021-12-16,957,1
重庆邮电大学高层次人才招聘,重庆邮电大学,2021-12-16,969,1
商业航天明星企业【零壹空间】校招答疑会来啦！！,重庆零壹空间科技集团有限公司,2021-12-15,977,1
物美科技集团简介,北京物美商业集团股份有限公司,2021-12-15,998,1
江西应用技术职业学院2021年下半年公开招聘高层次人才,北京高博中进信息技术有限公司,2021-12-15,933,1
曲靖师范学院2021年公开招聘事业编制高层次人才,北京海天创高网络技术有限公司,2021-12-15,933,1
上海人工智能实验室招聘公告,广州高才信息科技有限公司,2021-12-15,898,1
超星集团秋季校园招聘,超星集团有限公司,2021-12-15,872,8
高和资本2022届新生力校园招聘,天津畅和股权投资基金管理有限公司北京分公司,2021-12-15,874,1
慧策（北京掌上先机网络科技有限公司）2022秋季校园招聘,北京掌上先机网络科技有限公司,2021-12-15,834,2
给你舞台，让你精彩-同达信恒面向理工科招聘,北京同达信恒知识产权代理有限公司,2021-12-15,846,1
中国石化上海石油化工研究院2021-2022年度人才招聘,北京神州硕博信息技术有限公司,2021-12-15,860,1
放手而为，成就精彩，英特尔中国2022校园招聘研发岗补招进行中！,英特尔亚太研发有限公司,2021-12-15,883,1
2022年中国安全防伪证件研制中心,中国安全防伪证件研制中心,2021-12-15,874,8
北京龙双利达知识产权代理有限公司招聘简章 （工作地点：北京、西安、南京）,北京龙双利达知识产权代理有限公司,2021-12-15,827,1
百年西建大 引才进行时-西安建筑科技大学2021年教师（师资博士后）招聘公告,北京南方国际人力资源顾问有限公司,2021-12-14,869,1
初中各学科教师,保定东方双语学校,2021-12-14,837,1
苏州恩巨网络有限公司,苏州恩巨网络有限公司,2021-12-14,838,4
高中各学科骨干教师,保定东方双语学校,2021-12-14,857,1
炬光科技2022校园招聘简章,西安炬光科技股份有限公司,2021-12-14,839,1
你与我的距离 只有一封简历的厚度,北京广富晖电子科技有限公司,2021-12-14,845,4
攀枝花学院2021年第五批直接考核招聘高层次人才公告,北京磐石活水信息科技有限公司,2021-12-14,823,1
燕山大学2021-2022年诚聘海内外优秀人才,北京南方国际人力资源顾问有限公司,2021-12-14,828,1
广西电力职业技术学院2021年博士人才专项招聘公告,北京神州硕博信息技术有限公司,2021-12-14,815,1
中国工程物理研究院 研究生院诚聘英才,广州高才信息科技有限公司,2021-12-14,795,1
中信证券北京分公司管培生 18个月培训期,中信证券股份有限公司北京分公司,2021-12-14,836,1
南方科技大学计算机科学与工程系2022年实验教学人员招聘启事,广州高才信息科技有限公司,2021-12-14,812,1
卧龙采埃孚汽车电机有限公司 2022届招聘启事,卧龙采埃孚汽车电机有限公司,2021-12-14,832,1
数码视讯科技集团2022届校园招聘,北京数码视讯科技股份有限公司,2021-12-14,842,1
网易有道2022届秋季校园招聘,网易有道信息技术（北京）有限公司,2021-12-14,869,1
江苏科技大学2021年诚聘海内外优秀人才,江苏科技大学,2021-12-13,905,
四川轻化工大学2022年人才引进政策,北京邮电大学就业指导中心,2021-12-13,784,
北京宏达一甲教育科技有限公司2022招聘季,北京宏达一甲教育科技有限公司,2021-12-13,771,2
科讯嘉联 2022 届校园招聘简章,科讯嘉联信息技术有限公司,2021-12-13,799,2
小米集团2022全球校园招聘-热招岗位,小米科技有限责任公司,2021-12-13,856,1
自如集团2022管培生招聘,北京自如生活企业管理有限公司,2021-12-13,776,1
引才新政 待遇优厚-广西科技大学2021-2022年面向海内外诚聘优秀人才,北京神州硕博信息技术有限公司,2021-12-13,773,1
兰州化物所2022年人才招聘启事,中研博硕信息科技（湖北）有限公司,2021-12-13,764,1
2022中国电建集团青海省电力设计院有限公司校园招聘,中国电建集团青海省电力设计院有限公司,2021-12-13,814,4
“梦想靠岸”招商银行佛山分行2022校园招聘启事（冬季场）,招商银行股份有限公司佛山分行,2021-12-13,765,1
加入航天，为国防做贡献,北京长征天民高科技有限公司,2021-12-13,795,1
首钢集团有限公司技术研究院,首钢集团有限公司,2021-12-13,764,1
2021-2022零点有数校园招聘火热开启,北京零点有数数据科技股份有限公司,2021-12-13,736,3
长三角核心区-嘉兴学院2021-2022年度人才引进招聘公告,北京神州硕博信息技术有限公司,2021-12-10,917,1
2022年国防科技大学电子科学学院面向海内外诚聘博士人才,北京神州硕博信息技术有限公司,2021-12-10,852,1
揽英才! 金陵科技学院招才引智诚邀您的加盟,北京南方国际人力资源顾问有限公司,2021-12-10,818,1
厦门松霖2022届校园招聘简章,厦门松霖科技股份有限公司,2021-12-10,817,1
揽英才 金陵科技学院招才引智，诚邀您的加盟,北京神州硕博信息技术有限公司,2021-12-10,808,1
北京司拓民航科技有限责任公司2022年校园招聘简章,北京司拓民航科技有限责任公司,2021-12-10,818,1
小屯派科技2022年校园招聘,北京小屯派科技有限责任公司,2021-12-10,809,6
【甘肃国企】金川集团面向北京邮电大学秋季招聘信息,金川集团股份有限公司,2021-12-10,822,1
广东省农村信用社联合社 2022届秋季校园招聘补录公告,广东省农村信用社联合社,2021-12-10,810,1
2022校招中信证券北京分公司管培生,中信证券股份有限公司北京分公司,2021-12-10,807,1
南京理工大学智能制造学院教师招聘,南京理工大学江阴校区,2021-12-10,800,1
网易有道2022届秋季校园招聘火热进行ing,网易有道信息技术（北京）有限公司,2021-12-10,776,1
方田教育2022年校园招聘,合肥方了个田教育科技有限责任公司,2021-12-09,852,1
慧原生，聚清春 ——慧清科技2022校园招聘简章,北京慧清科技有限公司,2021-12-09,895,9
TOP TOY TMC 2022届校园招聘,那是家大潮玩(广东)科技有限公司,2021-12-09,860,1
中金创新（深圳）资产管理有限公司2021年招聘,中金创新（深圳）资产管理有限公司,2021-12-09,850,3
代宽带资本招聘投资经理,北京恒上管理咨询有限公司,2021-12-09,581,1
慧策（北京掌上先机网络科技有限公司）2022秋季校园招聘,北京掌上先机网络科技有限公司,2021-12-09,694,2
前端开发工程师,深圳开鸿数字产业发展有限公司,2021-12-09,824,15
中讯邮电咨询设计院有限公司郑州分公司,中讯邮电咨询设计院有限公司郑州分公司,2021-12-09,837,10
【校招】中信证券北京分公司管培生,中信证券股份有限公司北京分公司,2021-12-09,824,1
校招管培生,中信证券（山东）有限责任公司济南泺源大街证券营业部,2021-12-09,830,1
2022年校园招聘,中国联合网络通信有限公司肇庆市分公司,2021-12-09,857,3
北京师范大学认知神经科学与学习国家重点实验室2021年聘用制人员招聘启事,广州高才信息科技有限公司,2021-12-09,766,1
北京司拓民航科技有限责任公司 2022年校园招聘简章,北京司拓民航科技有限责任公司,2021-12-09,747,1
中国人民公安大学2022年度统一公开招录人民警察预公告,中国人民公安大学,2021-12-08,1019,
董事会秘书,四川现代教育集团,2021-12-08,931,1
厦门立林科技有限公司2022年校园招聘,厦门立林科技有限公司,2021-12-08,913,12
海军航空大学2022年面向社会公开招考文职人员,北京南方国际人力资源顾问有限公司,2021-12-08,914,1
重磅来袭！2022年海军潜艇学院人才引进公告,北京南方国际人力资源顾问有限公司,2021-12-08,915,1
山东英科医疗2022届校园招聘简章,山东英科医疗制品有限公司,2021-12-08,896,1
上商控股集团有限公司校园招聘,上商控股集团有限公司,2021-12-08,897,1
【游戏奋斗者】多益网络2022校园招聘补录！,多益网络有限公司,2021-12-08,893,1
四川省环境政策研究与规划院公开招聘非在编人员公告,四川省环境政策研究与规划院,2021-12-08,874,
广东湛江海洋医药研究院2021年招聘博士后研究人员启事,广东湛江海洋医药研究院,2021-12-08,866,
华展鑫荣公司招聘学生就业,华展鑫荣国际招标代理（北京）有限公司,2021-12-08,898,1
中联重科（工业互联网板块）2022届校园招聘简章,中科云谷科技有限公司,2021-12-07,1521,1
中信证券北京分公司管培生-校招,中信证券股份有限公司北京分公司,2021-12-07,1216,1
中科星图—星图气象2022-2023年校园招聘计划,中科星图股份有限公司,2021-12-07,834,6
软件研发工程师（高性能计算）,华控清交信息科技（北京）有限公司,2021-12-07,1150,8
让世界看到你的影响力——航天宏图·校园招聘,航天宏图信息技术股份有限公司,2021-12-07,1176,4
香港中文大学（深圳）诚聘海内外优秀人才,香港中文大学（深圳）,2021-12-06,913,
51WORLD-2022届校园招聘简章,北京五一视界数字孪生科技股份有限公司,2021-12-06,900,
物产中大国际贸易集团2022届校园招聘简章,物产中大国际贸易集团有限公司,2021-12-06,896,
年轻 未来可期 ——浙江省农信联社2022年校园招聘公告,浙江省农村信用社联合社,2021-12-06,916,10
权威发布！火箭军工程大学2022年面向社会公开招考文职人员岗位计划,北京南方国际人力资源顾问有限公司,2021-12-06,920,1
人才招聘,淮阴师范学院,2021-12-06,903,2
专利工程师/专利代理师,深圳中一专利商标事务所,2021-12-06,871,1
沈阳兴华航空电器有限责任公司,沈阳兴华航空电器有限责任公司,2021-12-06,878,1
【游戏奋斗者】多益网络2022校园招聘补录,多益网络有限公司,2021-12-06,889,4
北京市硕博高层次人才洽谈会---工业和信息化部人才交流中心,工业和信息化部人才交流中心,2021-12-06,963,1
由你定E新世界”，面向全球2022届校园人才 2022卡奥斯未来合伙人全面启动！,海尔卡奥斯物联生态科技有限公司,2021-12-06,888,1
2021年-2022年度远洋数据校园招聘,远洋云泰数据服务有限公司,2021-12-06,878,5
软件研发工程师（系统）,华控清交信息科技（北京）有限公司,2021-12-06,868,1
兴华会计师事务所2022秋季校园招聘,北京兴华会计师事务所(特殊普通合伙),2021-12-06,876,1
诚揽天下英才 聚力强军伟业-海军航空大学2022年面向社会公开招考文职人员,北京神州硕博信息技术有限公司,2021-12-06,880,1
2022中公教育业务岗位招聘,,2021-12-06,870,1
校招,北京墨云科技有限公司,2021-12-06,872,4
在浙里 职面未来-浙江建设职业技术学院2021年人才招聘公告,浙江建设职业技术学院,2021-12-06,892,1
权威发布！火箭军工程大学2022年面向社会公开招考文职人员,北京神州硕博信息技术有限公司,2021-12-06,869,1
2022年海军潜艇学院人才引进重磅来袭,北京神州硕博信息技术有限公司,2021-12-06,875,1
“权威发布”国防科技大学2022年公开招考文职人员计划,北京神州硕博信息技术有限公司,2021-12-06,885,1
权威发布！国防科技大学2022年文职人员招考公告,北京南方国际人力资源顾问有限公司,2021-12-06,877,1
湖北文理学院人才招聘,湖北文理学院,2021-12-06,863,1
厦门大学嘉庚学院2021-2022学年人才招聘启事,厦门大学嘉庚学院,2021-12-03,903,1
创新之路、智慧领航 卡斯柯信号有限公司2022年度校园招聘,卡斯柯信号有限公司北京分公司,2021-12-03,883,4
日立电梯2022“未来之梯，与你同立”校园招聘,日立电梯（中国）有限公司,2021-12-03,888,2
埃特曼（北京）半导体技术有限公司招聘,埃特曼（北京）半导体技术有限公司,2021-12-03,892,11
北京晨晶电子有限公司 【高新技术国企】北京晨晶电子2022校招盛大启动,北京晨晶电子有限公司,2021-12-03,873,1
【全职】【算法工程师】,北京时代复兴创新科技有限公司,2021-12-03,860,1
招聘新媒体编辑/美编设计/授课讲师,合肥不过如此文化传媒有限公司,2021-12-03,858,3
建攀登计划 创世界一流-首都师范大学2021-2022年博士后科研 人员招收公告,北京神州硕博信息技术有限公司,2021-12-03,855,1
浙江建设职业技术学院2021年人才引进计划,广州高才信息科技有限公司,2021-12-03,868,1
商丘工学院2021-2022学年教师招聘,北京高博中进信息技术有限公司,2021-12-03,853,1
炬光科技2022校园招聘简章,西安炬光科技股份有限公司,2021-12-02,852,1
北京爱帮智汇科技有限公司2022年度校园招聘公告,北京爱帮智汇科技有限公司,2021-12-02,863,4
网龙网络公司2022届秋季校园招聘简章,福建网龙计算机网络信息技术有限公司,2021-12-02,845,1
易航智能—供应链管理专员,北京知行易航智能科技有限公司,2021-12-02,853,1
网易有道秋招补招-火热进行ing（免笔试！）,网易有道信息技术（北京）有限公司,2021-12-02,892,1
网罗英才 智创未来 罗克韦尔自动化大连软件研发中心2022秋季校园招聘简章,罗克韦尔自动化软件（大连）有限公司,2021-12-02,840,2
诚邀海内外优秀青年人才参加河南大学第五届国际青年学者（博士后）论坛,广州高才信息科技有限公司,2021-12-02,845,1
助理研究员,北京赛宝工业技术研究院有限公司,2021-12-02,859,1
广州虹科电子科技2022秋季校园招聘（全国）,,2021-12-02,847,3
科技兴邦 强军报国-国防科技大学第六十三研究所2021-2022年文职、博士后招收,北京神州硕博信息技术有限公司,2021-12-01,857,1
巢湖学院博士人才引进公告（待遇优渥） （安徽·合肥）,,2021-12-01,820,1
中国移动总部网络事业部“金种子计划” 专项校园招聘,中国移动总部,2021-12-01,905,1
中国邮政集团有限公司山西省分公司 2022年度校园招聘公告,中国邮政集团有限公司山西省分公司,2021-12-01,831,1
西安电子科技大学期刊中心2021年外聘人员一般岗位招聘公告,西安电子科技大学,2021-12-01,785,1
浙江大学化学系、浙大杭州国际科创中心郭庆辉课题组2021年诚招博士后,广州高才信息科技有限公司,2021-12-01,802,1
2022年江苏省泰州市选聘党政青年人才简章,中共泰州市委组织部,2021-12-01,833,1
中国联合工程有限公司2022届校园招聘,中国联合工程有限公司,2021-12-01,828,1
景贤礼士 WE梦相聚 ——北京市石景山区“走进高校引才计划” 宣讲招聘公告,同道精英（天津）信息技术有限公司,2021-12-01,826,1
赓续百年初心 担当育人使命-大庆师范学院2021年下半年公开招聘教师公告,大庆师范学院,2021-12-01,798,1
2022届阿丘科技校园招聘,北京阿丘机器人科技有限公司,2021-12-01,820,4
开源证券【北交所业务专场】2022届校园招聘,开源证券股份有限公司,2021-12-01,826,1
中信证券校招管培生-北京分公司,中信证券股份有限公司北京分公司,2021-12-01,822,1
北京伏尔特技术有限公司2022校园招聘,北京伏尔特技术有限公司,2021-12-01,825,5
合肥安晶龙电子股份有限公司2022届校园招聘,合肥安晶龙电子股份有限公司,2021-12-01,801,5
"吴奇院士团队招聘博士后公告（分子生物学, 高分子，化学工程和食品专业）",深圳大学食品科学与加工研究中心,2021-12-01,794,4
朝晖股份 2022 校园招聘简章,浙江朝晖过滤技术股份有限公司,2021-12-01,787,
北京爱万提斯科技有限公司2022年校园招聘,北京爱万提斯科技有限公司,2021-12-01,795,
厦门雅迅网络股份有限公司2022届校园招聘简章,厦门雅迅网络股份有限公司,2021-12-01,787,
中国铁路物资集团有限公司 2022校园招聘简章,中国铁路物资集团有限公司,2021-12-01,831,
 中联重科2022届校园招聘简章,中联重科股份有限公司,2021-12-01,788,
 中联重科（工业互联网板块）2022届校园招聘简章,中联重科股份有限公司,2021-12-01,807,
河北省农村信用社 2021年员工招聘简章,河北省农村信用社联合社,2021-12-01,785,2
2022慧策（北京掌上先机网络科技有限公司）校园招聘,北京掌上先机网络科技有限公司,2021-12-01,792,1
和芯星通科技（北京）有限公司人才引进,和芯星通科技（北京）有限公司,2021-12-01,801,1
"吴奇院士团队招聘博士后公告（分子生物学, 高分子，化学工程和食品专业）",深圳大学食品科学与加工研究中心,2021-12-01,799,4
通讯科技公司诚招项目管理/商务助理,北京迈亚方圆通讯技术有限公司,2021-12-01,802,1
全国中小企业股份转让系统有限责任公司 2021年下半年招聘公告,全国中小企业股份转让系统有限责任公司,2021-12-01,817,
空军工程人才引进公告,中国人民解放军空军工程大学,2021-12-01,855,1
本邦科技 22届应届毕业生校招项目,北京本邦科技股份有限公司,2021-12-01,805,3
远洋集团2022届校园招聘,北京远洋嘉业房地产经纪有限公司北京分公司,2021-11-30,799,1
2022届赛尔网络有限公司校园招聘简章,赛尔网络有限公司,2021-11-30,813,1
ASM先进科技2022校园招聘补录,先进科技（中国）有限公司,2021-11-30,858,1
教师（博士）,吉林动画学院,2021-11-29,785,1
教师（硕士）,吉林动画学院,2021-11-29,790,1
东华大学民用航空复合材料协同创新中心2021年招聘启事,广州高才信息科技有限公司,2021-11-26,775,1
宁波国君源泓投资管理有限公司是在中国基金业协会备案的私募股权基金管理人，招聘网络信息安全投资经理和研究员,宁波国君源泓投资管理有限公司,2021-11-26,800,2
中国电子科技集团公司第十一研究所,华北光电技术研究所（中国电子科技集团公司第十一研究所）,2021-11-26,921,1
广芯电子技术(上海)股份有限公司校招信息,广芯电子技术（上海）股份有限公司,2021-11-26,814,4
宁波国君源泓投资管理有限公司是在中国基金业协会备案的私募股权基金管理人，网络信息安全行业研究员和投资经理招聘,宁波国君源泓投资管理有限公司,2021-11-25,804,2
2022中公教育校园招聘,,2021-11-23,790,
鼎道智联2022届校园招聘简章,鼎道智联（北京）科技有限公司,2021-11-23,802,
北京巴别时代科技有限公司-巴别时代2022校招,北京巴别时代科技有限公司,2021-11-22,807,1
锐方（上海）私募基金管理有限公司招聘,锐方（上海）私募基金管理有限公司,2021-11-22,788,1
哈药集团股份有限公司,哈药集团股份有限公司,2021-11-22,797,2
商业航天明星企业【零壹空间】空中宣讲来啦！！,重庆零壹空间科技集团有限公司,2021-11-22,781,1
天津雀巢有限公司,天津雀巢有限公司,2021-11-22,796,1
北京市联德律师事务所校招,北京市联德律师事务所,2021-11-22,737,1
西安工业大学新能源科学与技术研究院2021招聘简章,北京斯博特科技发展有限公司,2021-11-22,740,
深圳大学广东省海洋藻类开发与应用工程重点实验室博士后招聘,北京君林浩海科技咨询有限公司,2021-11-22,737,
北京大学化学与分子工程学院纳米结构功能材料课题组招聘优秀人才,北京君林浩海科技咨询有限公司,2021-11-22,733,
闽江学院2021下半年度高层次人才招聘公告,北京邮电大学就业指导中心,2021-11-22,749,
台州学院高等研究院—智能信息处理研究所招聘启事,北京邮电大学就业指导中心,2021-11-22,732,
青岛海信微联信号有限公司2022届校园招聘,青岛海信微联信号有限公司,2021-11-21,765,1
九江学院2021年高层次人才招聘公告,北京诺美斯信息技术有限公司,2021-11-21,738,1
武汉东湖学院高层次（高学历）人才招聘公告,北京诺美斯信息技术有限公司,2021-11-21,752,1
中国科学院天津工业生物技术研究所体外合成生物学中心游淳课题组招聘启事,北京诺美斯信息技术有限公司,2021-11-21,742,1
中国科学院微电子研究所低功耗智能芯片与系统团队招聘,北京邮电大学就业指导中心,2021-11-19,796,1
嘉应学院2021-2022年人才招聘启事,北京邮电大学就业指导中心,2021-11-19,781,1
重庆邮电大学2021-2022年招聘启事,北京诺美斯信息技术有限公司,2021-11-19,799,1
台州学院高等研究院——智能信息处理研究所招聘启事,北京诺美斯信息技术有限公司,2021-11-19,761,1
广东省电信规划设计院有限公司北京分院2022校园招聘,广东省电信规划设计院有限公司,2021-11-19,824,5
工业和信息化部网络安全产业发展中心（工业和信息化部信息中心）,工业和信息化部网络安全产业发展中心（工业和信息化部信息中心）,2021-11-19,925,3
宽带资本,北京恒上管理咨询有限公司,2021-11-19,782,1
2022南京理工大学江阴校区教师招聘,南京理工大学江阴校区,2021-11-19,758,1
虹科电子,,2021-11-19,765,2
北方自动控制技术研究所2021年招聘启事,广州高才信息科技有限公司,2021-11-19,773,1
超星集团2021秋季校园招聘（全国）,超星集团有限公司,2021-11-19,784,1
广芯电子技术（上海）股份有限公司,广芯电子技术（上海）股份有限公司,2021-11-19,773,3
重庆川仪控制系统有限公司上海分公司,重庆川仪控制系统有限公司上海分公司,2021-11-19,756,1
国家计算机网络应急技术处理协调中心安徽分中心2022年度公开招聘公告,广州高才信息科技有限公司,2021-11-19,736,1
中国农业银行博士后科研工作站2022年度招收博士后研究人员公告,广州高才信息科技有限公司,2021-11-19,767,1
山东省科学院海洋仪器仪表研究所齐鲁工业大学（山东省科学院）海洋技术科学学院招聘,北京君林浩海科技咨询有限公司,2021-11-18,718,1
丽水学院2021年下半年人才招聘启事,北京君林浩海科技咨询有限公司,2021-11-18,722,1
南京信息工程大学高端光电仪器及激光技术团队诚招青年教师和师资博后,北京斯博特科技发展有限公司,2021-11-18,723,1
清华大学材料课题组招聘热电/热障/结构陶瓷博士后,北京斯博特科技发展有限公司,2021-11-18,711,1
杭州谱育科技发展有限公司-开发类岗位,杭州谱育科技发展有限公司,2021-11-18,740,1
启明信息技术股份有限公司2022年校园招聘简章,启明信息技术股份有限公司,2021-11-18,736,4
重庆海联职业技术学院2021年高层次人才引进,广州高才信息科技有限公司,2021-11-18,712,1
九江学院2022年高层次人才招聘  ,北京海天创高网络技术有限公司,2021-11-18,712,1
中国电器科学研究院股份有限公司,中国电器科学研究院股份有限公司,2021-11-18,708,3
重庆文理学院面向海内外公开招聘二级学院院长公告,北京磐石活水信息科技有限公司,2021-11-18,703,1
北京航空航天大学云南创新研究院,北京航空航天大学云南创新研究院,2021-11-17,751,2
远东控股集团有限公司,远东控股集团有限公司,2021-11-17,758,1
龙盈智达（北京）科技有限公司,龙盈智达（北京）科技有限公司,2021-11-17,769,7
锐方（上海）私募基金管理有限公司,锐方（上海）私募基金管理有限公司,2021-11-17,752,1
上海烟草机械有限责任公司高层次人才招聘简章,广州高才信息科技有限公司,2021-11-17,753,1
北京市正泽学校2021年教师招聘公告,广州高才信息科技有限公司,2021-11-17,773,1
香港科技大学工学院理学硕士（MSc）综合场线上招生宣讲会,南京途善久文化传播有限公司,2021-11-17,715,1
天正地产集团有限公司,天正地产集团有限公司,2021-11-17,667,1
中国电建集团青海省电力设计院有限公司,中国电建集团青海省电力设计院有限公司,2021-11-17,673,3
南京理工大学新能源学院教师招聘,南京理工大学江阴校区,2021-11-16,705,1
中铁投资集团有限公司,中铁投资集团有限公司,2021-11-16,811,5
厦门工学院2021-2022年教师招聘启事,北京斯博特科技发展有限公司,2021-11-16,693,1
嘉应学院2021-2022年人才招聘启事,北京斯博特科技发展有限公司,2021-11-16,694,1
浙江大学王绪化团队招聘博士后和科研助理,北京邮电大学就业指导中心,2021-11-16,690,1
中国科学院长春应用化学研究所,中国科学院长春应用化学研究所,2021-11-16,698,1
东北农业大学2021年下半年人才公开招聘公告,北京君林浩海科技咨询有限公司,2021-11-16,695,1
南京工业大学电控学院分论坛诚邀海内外英才参加,北京君林浩海科技咨询有限公司,2021-11-16,693,1
中国船舶工业系统工程研究院,中国船舶工业系统工程研究院,2021-11-16,785,1
深圳九算优化科技有限公司,深圳九算优化科技有限公司,2021-11-16,704,5
红谷集群科技有限公司,红谷集群科技有限公司,2021-11-16,741,1
红谷集群科技有限公司,红谷集群科技有限公司,2021-11-16,709,1
北京胜信网络科技有限公司,北京胜信网络科技有限公司,2021-11-16,711,2
商业航天明星企业【零壹空间】空中宣讲来啦！！,重庆零壹空间科技集团有限公司,2021-11-16,677,1
梦想启航 “职”通未来-内蒙古大学2021-2022年高薪诚聘海内外人才,北京神州硕博信息技术有限公司,2021-11-16,709,1
广聚英才 共谋发展 南京工业职业技术大学2021年下半年海内外优秀人才招聘公告,广州高才信息科技有限公司,2021-11-16,705,1
中电国营第七二二厂秋季招聘公告,桂林长海发展有限责任公司,2021-11-15,744,1
筑巢引才 振兴三晋-晋中学院2021年人才引进公告,北京神州之窗网络技术服务有限公司,2021-11-15,699,1
新拓尼克（北京）科技研发中心有限公司,新拓尼克（北京）科技研发中心有限公司,2021-11-15,715,7
中车株洲电力机车研究所有限公司 2022届校园招聘公告,中车株洲电力机车研究所有限公司,2021-11-15,696,1
河北工大科雅能源科技股份有限公司,河北工大科雅能源科技股份有限公司,2021-11-15,725,4
电子工业出版社有限公司,电子工业出版社有限公司,2021-11-15,704,5
山东电力设备有限公司,山东电力设备有限公司,2021-11-15,686,1
攀枝花学院2021年高层次人才招聘简章,北京磐石活水信息科技有限公司,2021-11-14,680,1
东软集团,东软集团（北京）有限公司,2021-11-12,697,5
邯郸制药股份有限公司,邯郸制药股份有限公司,2021-11-12,691,1
西比爱斯汽车技术（上海）有限公司,西比爱斯汽车技术（上海）有限公司,2021-11-12,693,2
嘉实基金2022校园招聘,嘉实基金管理有限公司,2021-11-12,694,1
中资网络信息安全科技有限公司2022校招持续中【地点：北京】,中资网络信息安全科技有限公司,2021-11-12,733,1
南京理工大学网络空间安全学院教师招聘,南京理工大学江阴校区,2021-11-11,692,1
【甘肃国企】金川集团面向北京邮电大学秋季招聘信息,金川集团股份有限公司,2021-11-11,645,2
荷兰帕沃英蒂格盛有限公司深圳代表处,荷兰帕沃英蒂格盛有限公司深圳代表处,2021-11-11,715,1
广东省特种设备检测研究院珠海检测院2022年招聘公告,广州高才信息科技有限公司,2021-11-11,684,1
清华大学张晨团队2021年诚聘数据科学方向优秀博士后和科研助理,广州高才信息科技有限公司,2021-11-11,711,1
浙江中控技术股份有限公司,浙江中控技术股份有限公司,2021-11-11,675,1
光大科技有限公司秋季招聘,光大科技有限公司,2021-11-10,730,1
长城物业集团股份有限公司北京物业管理分公司,长城物业集团股份有限公司北京物业管理分公司,2021-11-10,708,1
西华大学2021年人才招聘公告,北京神州硕博信息技术有限公司,2021-11-10,689,1
中国科学院海西研究院厦门稀土材料研究中心2021-2022年科研人才招聘启事,广州高才信息科技有限公司,2021-11-10,668,1
南孔圣地-衢州有礼-事业编制-衢州学院2021年下半年人才招聘公告-评聘高级职称名额充足-解决子女入学,北京神州硕博信息技术有限公司,2021-11-10,673,1
深圳小库科技有限公司,深圳小库科技有限公司,2021-11-10,689,1
深圳小库科技有限公司,深圳小库科技有限公司,2021-11-10,683,1
深圳小库科技有限公司,深圳小库科技有限公司,2021-11-10,709,1
深圳小库科技有限公司,深圳小库科技有限公司,2021-11-10,684,3
深圳小库科技有限公司,深圳小库科技有限公司,2021-11-10,691,4
深圳小库科技有限公司,深圳小库科技有限公司,2021-11-10,686,3
深圳大学智能物联网中心杨亚涛特聘教授团队2021年博士后招聘公告,广州高才信息科技有限公司,2021-11-09,760,1
政府咨询项目助理,北京菁正咨询有限公司,2021-11-09,781,1
奋斗百年路 启航新征程-山东理工大学2021年诚聘海内外高层次人才,北京神州之窗网络技术服务有限公司,2021-11-09,710,1
中国联通哈尔滨软件研究院,中国联通哈尔滨软件研究院,2021-11-09,728,1
上海视觉艺术学院2021-2022学年招聘启事,北京月生信息技术有限公司,2021-11-08,661,1
北京塔基资产管理有限公司,北京塔基资产管理有限公司,2021-11-08,750,1
2022中公教育校园招聘-公考讲师,,2021-11-08,731,1
阳光人寿保险股份有限公司,阳光人寿保险股份有限公司,2021-11-08,731,2
铁力山（北京）控制技术有限公司,铁力山（北京）控制技术有限公司,2021-11-08,759,8
江西软件职业技术大学2021年行政管理及辅导员招聘公告,北京磐石活水信息科技有限公司,2021-11-08,684,1
江西软件职业技术大学2021年专任教师招聘公告,北京磐石活水信息科技有限公司,2021-11-08,675,1
长治学院2021年公开招聘博士研究生公告,北京神州之窗网络技术服务有限公司,2021-11-08,675,1
以工报国 未来可期-厦门工学院2021年博士人才引进计划,北京神州之窗网络技术服务有限公司,2021-11-08,670,1
北京华宇信息技术有限公司博士后招聘&培养公告,北京南方国际人力资源顾问有限公司,2021-11-08,762,1
南京工业大学-电控学院分论坛诚邀海内外英才参加,北京邮电大学就业指导中心,2021-11-08,669,1
西南医科大学2021年诚聘海内外英才,北京诺美斯信息技术有限公司,2021-11-07,640,1
东北农业大学2021年下半年人才公开招聘公告,北京诺美斯信息技术有限公司,2021-11-07,653,1
岭南现代农业科学与技术广东省实验室高端人才、拔尖人才招聘公告,北京诺美斯信息技术有限公司,2021-11-07,652,1
厦门工学院2021-2022学年高层次人才（博士）引进计划,北京斯博特科技发展有限公司,2021-11-07,644,1
南亚热带作物研究所湛江站实验站2021年第六批博士研究生人员公开招聘公告,北京斯博特科技发展有限公司,2021-11-07,644,1
中国科学院微电子研究所低功耗智能芯片与系统团队招聘,北京斯博特科技发展有限公司,2021-11-07,749,1
中科南京智能技术研究院招聘简章,北京君林浩海科技咨询有限公司,2021-11-07,733,1
材料科学姑苏实验室博士后招聘公告,北京君林浩海科技咨询有限公司,2021-11-07,646,1
江苏科技大学2021年诚聘海内外优秀人才,北京君林浩海科技咨询有限公司,2021-11-07,654,1
加入我们！“船”承理想 强军报国-中国船舶第八研究院（南京）2022届校园招聘,北京神州硕博信息技术有限公司,2021-11-06,677,1
湖南拓维信息系统股份有限公司,湖南拓维信息系统股份有限公司,2021-11-05,731,6
闽南师范大学2021年招聘公告,北京君林浩海科技咨询有限公司,2021-11-05,719,1
2021年南京工业大学高层次人才招聘,北京斯博特科技发展有限公司,2021-11-05,737,1
南京工业大学马克思主义学院诚聘高层次人才,北京斯博特科技发展有限公司,2021-11-05,703,1
清华大学材料课题组招聘热电/热障/结构陶瓷博士后,北京斯博特科技发展有限公司,2021-11-05,683,1
福建工程学院马克思主义学院教学科研人员招聘启事,北京邮电大学就业指导中心,2021-11-05,700,1
江苏科技大学2021年诚聘海内外优秀人才,北京邮电大学就业指导中心,2021-11-05,718,1
2022年国防科大电子科学学院公开招聘军队文职、博士后,北京神州硕博信息技术有限公司,2021-11-05,784,1
桂林信息科技学院（原桂林电子科技大学信息科技学院）2021年专任教师招聘公告,广州高才信息科技有限公司,2021-11-05,713,1
中山大学微电子科学与技术学院2021年人才招聘公告,广州高才信息科技有限公司,2021-11-05,773,1
清华大学出版社有限公司,清华大学出版社有限公司,2021-11-05,807,10
中山大学生物医学工程学院2021年诚聘英才,广州高才信息科技有限公司,2021-11-05,741,1
东北农业大学2021年下半年人才公开招聘公告,北京诺美斯信息技术有限公司,2021-11-04,701,1
西安工业大学新能源科学与技术研究院2021招聘简章,北京邮电大学就业指导中心,2021-11-04,702,1
中国科学院微电子研究所低功耗智能芯片与系统团队招聘,北京邮电大学就业指导中心,2021-11-04,728,1
重庆邮电大学2021-2022年招聘启事,北京邮电大学就业指导中心,2021-11-04,743,1
中科南京智能技术研究院招聘简章,北京斯博特科技发展有限公司,2021-11-04,751,1
中国重型汽车集团有限公司,中国重型汽车集团有限公司,2021-11-04,746,1
南开大学化学学院陈军院士团队招收博士后和研发工程师,广州高才信息科技有限公司,2021-11-04,717,1
上海司南卫星导航技术股份有限公司,上海司南卫星导航技术股份有限公司,2021-11-04,737,1
医世界 渡未来——2022医渡科技校园招聘正式启动,医渡云（北京）技术有限公司,2021-11-04,735,1
中国科学院计算技术研究所2021年秋冬季博士人才视频双选会,广州高才信息科技有限公司,2021-11-04,778,1
数码视讯科技集团2022届校园招聘,北京数码视讯科技股份有限公司,2021-11-03,728,1
铸魂育人 职等你来-2021常州大学诚邀海内外人才共谋发展,北京南方国际人力资源顾问有限公司,2021-11-03,702,1
溪牛投资管理（北京）有限公司,溪牛投资管理（北京）有限公司,2021-11-03,705,1
北京市经济与社会发展研究所,北京市经济与社会发展研究所,2021-11-03,759,2
深圳市赛元微电子有限公司,深圳市赛元微电子有限公司,2021-11-03,699,2
深圳市赛元微电子有限公司,深圳市赛元微电子有限公司,2021-11-03,728,3
嘉庚创新实验室2021年博士后招聘公告,广州高才信息科技有限公司,2021-11-03,717,1
来浙，必有我师-浙江师范大学2021年专任教师招聘公告,北京南方国际人力资源顾问有限公司,2021-11-03,722,1
最高待遇120万，有编制，福利好！湖北汽车工业学院2021年秋冬季博士人才视频双选会,广州高才信息科技有限公司,2021-11-03,756,1
珠海格力电器股份有限公司,珠海格力电器股份有限公司,2021-11-03,707,1
不负韶华 共筑梦想-枣庄学院2021年人才招聘启事,北京南方国际人力资源顾问有限公司,2021-11-02,698,1
2022中公教育校园招聘-教招讲师,,2021-11-02,717,1
河北农业大学2021年选聘博士公告,北京君林浩海科技咨询有限公司,2021-11-02,686,1
中科南京智能技术研究院招聘简章,北京君林浩海科技咨询有限公司,2021-11-02,720,1
中国人民银行数字货币研究所,中国人民银行数字货币研究所,2021-11-02,847,1
2022天阳科技校园招聘 锐阳计划 招聘简章,天阳宏业科技股份有限公司,2021-11-02,708,7
浙江新课堂教育股份有限公司,浙江新课堂教育股份有限公司,2021-11-02,686,1
北京未磁科技有限公司,北京未磁科技有限公司,2021-11-02,712,4
锐方（上海）私募基金管理有限公司,锐方（上海）私募基金管理有限公司,2021-11-02,668,2
2022年度赴港攻读硕士,北京华夏远达教育顾问有限公司,2021-11-01,765,1
必创科技2022秋季校园招聘,北京必创科技股份有限公司,2021-11-01,707,1
第一创业证券2022届校园招聘,第一创业证券股份有限公司,2021-11-01,696,1
泰康保险集团股份有限公司,泰康保险集团股份有限公司,2021-11-01,692,6
IT 二线应用支持,沃尔沃（中国）投资有限公司,2021-11-01,708,1
嘉兴学院2021年度人才引进招聘公告,广州高才信息科技有限公司,2021-11-01,677,1
姿美堂2022招聘简章,姿美堂科贸集团,2021-11-01,641,3
香港科技大学22fall数据建模硕士学位项目线下招生宣讲会,南京途善久文化传播有限公司,2021-10-31,687,1
逐梦一流 看浙里-宁波大学2021-2022年度公开招聘人才公告,北京神州硕博信息技术有限公司,2021-10-31,685,1
厦门工学院2021年教师招聘启事,北京诺美斯信息技术有限公司,2021-10-31,678,1
河北农业大学2021年选聘博士公告,北京诺美斯信息技术有限公司,2021-10-31,678,1
深圳综合粒子设施研究院校园招聘公告,北京诺美斯信息技术有限公司,2021-10-31,679,1
九江学院2021年高层次人才招聘公告,北京斯博特科技发展有限公司,2021-10-31,673,1
台州学院高等研究院大数据智能医疗研究所2021-2022年招聘启事,北京斯博特科技发展有限公司,2021-10-31,673,1
福建工程学院2022年师资招聘计划,北京斯博特科技发展有限公司,2021-10-31,674,1
南京信息工程大学高端光电仪器及激光技术团队诚招青年教师和师资博后,北京邮电大学就业指导中心,2021-10-31,667,1
广东机电职业技术学院、广东省博士工作站2021年博士研究生招聘公告,北京邮电大学就业指导中心,2021-10-31,683,1
南亚热带作物研究所湛江站实验站2021年第六批博士研究生人员公开招聘公告,北京君林浩海科技咨询有限公司,2021-10-29,685,1
九江学院2021年高层次人才招聘公告,北京君林浩海科技咨询有限公司,2021-10-29,698,1
山东省科学院海洋仪器仪表研究所2021-2022年招聘,北京君林浩海科技咨询有限公司,2021-10-29,705,1
嘉应学院2021-2022年人才招聘启事,北京斯博特科技发展有限公司,2021-10-29,702,1
重庆邮电大学2021-2022年招聘启事,北京斯博特科技发展有限公司,2021-10-29,738,1
深圳综合粒子设施研究院校园招聘公告,北京斯博特科技发展有限公司,2021-10-29,694,1
天津南大通用数据技术股份有限公司,天津南大通用数据技术股份有限公司,2021-10-29,724,1
清华大学出版社2022校园招聘,清华大学出版社有限公司,2021-10-29,757,10
天津南大通用数据技术股份有限公司,天津南大通用数据技术股份有限公司,2021-10-29,706,7
战略支援部队信息工程大学洛阳校区2022年文职人员招聘、博士后招收简章,广州高才信息科技有限公司,2021-10-29,721,1
中科南京智能技术研究院招聘简章,北京诺美斯信息技术有限公司,2021-10-28,715,1
南通大学电气工程学院2021年诚聘海内外英才,北京斯博特科技发展有限公司,2021-10-28,697,1
中国科学院国家空间科学中心2022年应届生招聘启事,中国科学院国家空间科学中心,2021-10-28,739,1
太初（无锡）电子科技有限公司2022校园招聘,太初（无锡）电子科技有限公司,2021-10-28,716,20
应急管理部上海消防研究所 2022年招聘,同道精英（天津）信息技术有限公司,2021-10-28,748,1
引才正当时 共筑西华梦-西华大学2021年人才招聘公告,北京神州之窗网络技术服务有限公司,2021-10-28,700,1
国金基金2022校园招聘,国金基金管理有限公司,2021-10-28,748,1
携手师大 筑梦未来-江苏师范大学2021年人才引进政策及计划,北京南方国际人力资源顾问有限公司,2021-10-28,728,1
北京未尔锐创科技有限公司2022届校园招聘,成都未尔科技有限公司,2021-10-28,662,1
遇“鉴”得物，预见未来！得物App2022校园招聘,上海识装信息科技有限公司,2021-10-28,655,1
乐道济世 砥砺前行-潍坊医学院2021年诚聘海内外优秀博士,北京神州硕博信息技术有限公司,2021-10-28,753,1
2022中国安全防伪证件研制中心校园招聘简章,中国安全防伪证件研制中心,2021-10-27,762,7
香港科技大学工学院研究生项目招生宣讲会,南京途善久文化传播有限公司,2021-10-27,700,1
闽南师范大学2021年诚纳英才,北京诺美斯信息技术有限公司,2021-10-26,704,1
中科南京智能技术研究院招聘简章,北京诺美斯信息技术有限公司,2021-10-26,744,1
广东机电职业技术学院、广东省博士工作站2021年博士研究生招聘公告,北京诺美斯信息技术有限公司,2021-10-26,691,1
中国科学院微电子研究所低功耗智能芯片与系统团队招聘,北京君林浩海科技咨询有限公司,2021-10-26,722,1
江苏科技大学2021年诚聘海内外优秀人才,北京君林浩海科技咨询有限公司,2021-10-26,704,1
启明信息技术股份有限公司,启明信息技术股份有限公司,2021-10-26,741,5
北银金融科技有限责任公司,北银金融科技有限责任公司,2021-10-26,777,1
北银金融科技有限责任公司,北银金融科技有限责任公司,2021-10-26,709,5
广西科技大学,广西科技大学,2021-10-26,704,1
【政府咨询项目助理】北京菁正咨询有限公司,北京菁正咨询有限公司,2021-10-26,710,1
嘉应学院2021-2022年人才招聘启事,北京君林浩海科技咨询有限公司,2021-10-26,692,1
中国科学院微电子研究所低功耗智能芯片与系统团队招聘,北京斯博特科技发展有限公司,2021-10-26,716,1
上海司南卫星导航技术股份有限公司,上海司南卫星导航技术股份有限公司,2021-10-25,714,7
2022中公教育校园招聘-考研讲师,,2021-10-25,718,1
中国科学院赣江创新研究院2021年优秀博士招聘启事,广州高才信息科技有限公司,2021-10-25,695,1
哈尔滨工业大学人工智能研究院有限公司,哈尔滨工业大学人工智能研究院有限公司,2021-10-25,718,1
哈尔滨工业大学人工智能研究院有限公司,哈尔滨工业大学人工智能研究院有限公司,2021-10-25,705,1
哈尔滨工业大学人工智能研究院有限公司,哈尔滨工业大学人工智能研究院有限公司,2021-10-25,702,1
哈尔滨工业大学人工智能研究院有限公司,哈尔滨工业大学人工智能研究院有限公司,2021-10-25,697,1
哈尔滨工业大学人工智能研究院有限公司,哈尔滨工业大学人工智能研究院有限公司,2021-10-25,711,1
哈尔滨工业大学人工智能研究院有限公司,哈尔滨工业大学人工智能研究院有限公司,2021-10-25,738,4
嘉应学院2021-2022年人才招聘启事,北京诺美斯信息技术有限公司,2021-10-24,710,1
河北农业大学2021年选聘博士公告,北京邮电大学就业指导中心,2021-10-24,707,1
材料科学姑苏实验室2021年高层次人才招聘启事,北京邮电大学就业指导中心,2021-10-24,702,1
桂在珍惜 工候你来-桂林理工大学2021年诚邀优秀人才加盟,北京神州硕博信息技术有限公司,2021-10-24,719,1
北京华龙通科技有限公司,北京华龙通科技有限公司,2021-10-22,726,5
嘉入我们 庚进一步-厦门大学嘉庚学院2021-2022学年人才招聘启事,北京神州之窗网络技术服务有限公司,2021-10-22,700,1
央企华侨城集团公司2022校园招聘,华侨城集团公司,2021-10-21,729,2
中国科学院武汉岩土力学研究所科研岗位和特别研究助理（含博士后）招聘简章【长期有效】,北京神州硕博信息技术有限公司,2021-10-21,709,1
金川集团股份有限公司,金川集团股份有限公司,2021-10-21,651,2
中国广电广州网络股份有限公司（原珠江数码）,广州珠江数码集团股份有限公司,2021-10-20,736,13
浙江大学核医学创新研究中心招聘博士后,北京南方国际人力资源顾问有限公司,2021-10-20,706,1
中车信息技术有限公司,中车信息技术有限公司,2021-10-20,761,4
北京未尔锐创科技有限公司,成都未尔科技有限公司,2021-10-20,659,1
安捷中科（北京）数据科技有限公司,安捷中科（北京）数据科技有限公司,2021-10-19,717,1
中科本原科技（北京）有限公司,中科本原科技（北京）有限公司,2021-10-19,825,15
中国广电广州网络股份有限公司,广州珠江数码集团股份有限公司,2021-10-19,722,13
智能驾驶激光雷达领军企业—深圳市速腾聚创科技有限公司 2022校园招聘宣讲会（北京站）,深圳市速腾聚创科技有限公司,2021-10-19,715,1
2022中公教育校园招聘-教招讲师,,2021-10-18,711,1
管理咨询顾问-北京、西安、深圳,北京知本创业管理咨询有限公司,2021-10-18,709,3
中科南京智能技术研究院招聘简章,北京斯博特科技发展有限公司,2021-10-17,724,1
清华大学材料课题组招聘热电/热障/结构陶瓷博士后,北京邮电大学就业指导中心,2021-10-17,704,1
图灵深视（北京）科技有限公司,图灵深视（北京）科技有限公司,2021-10-15,720,8
中信证券股份有限公司杭州凤起路证券营业部,中信证券股份有限公司杭州凤起路证券营业部,2021-10-15,707,1
ASM先进科技（中国）有限公司2022校园招聘（成都）,先进科技（中国）有限公司,2021-10-15,741,7
中国技术进出口集团有限公司,中国技术进出口集团有限公司,2021-10-15,777,6
中国科学院微电子研究所低功耗智能芯片与系统团队招聘,北京诺美斯信息技术有限公司,2021-10-14,790,1
中国石化上海石油化工研究院2021年人才招聘,北京神州硕博信息技术有限公司,2021-10-14,788,1
携程计算机技术（上海）有限公司,携程计算机技术（上海）有限公司,2021-10-14,816,1
成都思科瑞微电子股份有限公司,成都思科瑞微电子股份有限公司,2021-10-14,720,2
西安电子科技大学杭州研究院2021年全球招聘引才公告,广州高才信息科技有限公司,2021-10-14,731,1
广东省工业设备安装有限公司,广东省工业设备安装有限公司,2021-10-14,807,1
锐方（上海）私募基金管理有限公司招聘,锐方（上海）私募基金管理有限公司,2021-10-13,713,2
东南数字经济发展研究院,东南数字经济发展研究院,2021-10-13,717,6
中国科学院软件研究所中国科学院软件研究所2022年度校园招聘简章,中国科学院软件研究所,2021-10-13,869,1
北京市地铁运营有限公司,北京市地铁运营有限公司,2021-10-13,735,1
北京五一视界数字孪生科技股份有限公司,当家移动绿色互联网技术集团有限公司,2021-10-12,805,6
中交信息技术国家工程实验室有限公司,中交信息技术国家工程实验室有限公司,2021-10-12,876,3
北京流马锐驰科技有限公司,北京流马锐驰科技有限公司,2021-10-12,786,1
北京大学长三角光电科学研究院招聘启事,广州高才信息科技有限公司,2021-10-12,766,1
辽宁交投艾特斯智能交通技术有限公司,辽宁艾特斯智能交通技术有限公司,2021-10-12,751,7
广东省新一代通信与网络创新研究院2022届毕业生招聘,广东省新一代通信与网络创新研究院,2021-10-12,738,11
北京机械工业自动化研究所有限公司,北京机械工业自动化研究所有限公司,2021-10-12,753,1
中国科学院武汉岩土力学研究所,中国科学院武汉岩土力学研究所,2021-10-11,722,1
英国豪迈国际有限公司上海代表处,英国豪迈国际有限公司上海代表处,2021-10-11,730,1
中资网络信息安全科技有限公司2022校招正式启动！,中资网络信息安全科技有限公司,2021-10-11,767,4
哈尔滨工业大学人工智能研究院有限公司,哈尔滨工业大学人工智能研究院有限公司,2021-10-11,733,1
北京知本创业管理咨询有限公司,北京知本创业管理咨询有限公司,2021-10-11,727,3
中国网安（含中国电科三十所）2022届校园招聘,中国电子科技集团公司第三十研究所,2021-10-11,782,1
北京晟芯网络科技有限公司,北京晟芯网络科技有限公司,2021-10-11,740,4
中科南京智能技术研究院招聘简章,北京君林浩海科技咨询有限公司,2021-10-11,740,1
启明信息技术股份有限公司,启明信息技术股份有限公司,2021-10-10,758,5
重庆邮电大学2021-2022年招聘,北京斯博特科技发展有限公司,2021-10-10,812,1
台州学院高等研究院—智能信息处理研究所招聘启事,北京斯博特科技发展有限公司,2021-10-10,705,1
厦门工学院2021年教师招聘启事,北京斯博特科技发展有限公司,2021-10-10,733,1
中国科学院微电子研究所低功耗智能芯片与系统团队招聘,北京君林浩海科技咨询有限公司,2021-10-10,739,1
苏州大学未来校区人才招聘公告,北京南方国际人力资源顾问有限公司,2021-10-10,737,1
东北农业大学2021年下半年人才公开招聘公告,北京君林浩海科技咨询有限公司,2021-10-10,759,1
中国科学院长春应用化学研究所2021年度招聘启事,北京诺美斯信息技术有限公司,2021-10-10,738,1
苏州系统医学研究所高层次人才招聘公告,北京诺美斯信息技术有限公司,2021-10-10,706,1
广东医科大学2021年人才招聘公告,北京邮电大学就业指导中心,2021-10-10,725,1
光大科技有限公司,光大科技有限公司,2021-10-09,801,1
广东科学技术职业学院2021年高层次人才招聘公告,广州高才信息科技有限公司,2021-10-09,746,1
上海人工智能创新中心,上海人工智能创新中心,2021-10-09,716,5
上海人工智能创新中心,上海人工智能创新中心,2021-10-09,762,1
新瑞鹏宠物医疗集团有限公司,新瑞鹏宠物医疗集团有限公司,2021-10-09,726,1
中国科学院上海巴斯德研究所2021年度招聘启事,北京南方国际人力资源顾问有限公司,2021-10-09,731,1
数码视讯科技集团2022届校园招聘,北京数码视讯科技股份有限公司,2021-10-08,721,1
南京理工大学教师招聘,南京理工大学江阴校区,2021-10-08,892,1
CNH集团--晨皓知识产权 2022届校园招聘简章,上海晨皓知识产权代理事务所（普通合伙）,2021-10-08,673,1
蓝诺微银（北京）信息技术有限公司,蓝诺微银（北京）信息技术有限公司,2021-10-08,696,1
中国人民解放军第五七二〇工厂2022年校园招聘,中国人民解放军第五七二〇工厂,2021-10-03,759,1
中国科学院国家空间科学中心,中国科学院国家空间科学中心,2021-10-01,723,1
中国科学院国家空间科学中心2022年特别研究助理招聘启事,中国科学院国家空间科学中心,2021-10-01,717,1
西安纸贵互联网科技有限公司,西安纸贵互联网科技有限公司,2021-09-30,766,1
热招：IT互联网高端猎头顾问/管培生（欢迎转行，欢迎应届生，北京朝阳门包住）,北京嗨猎咨询有限公司,2021-09-30,601,2
上海汉得信息技术股份有限公司,上海汉得信息技术股份有限公司,2021-09-30,590,3
福建新大陆支付科技有限公司,福建新大陆支付科技有限公司,2021-09-29,737,4
南京摄星智能科技有限公司,南京摄星智能科技有限公司,2021-09-29,816,8
上海海隆软件2022届校园招聘,上海海隆软件有限公司,2021-09-29,754,1
北京中科闻歌科技股份有限公司2022届校招,北京中科闻歌科技股份有限公司招聘简章,2021-09-29,815,8
北京飞斯科科技有限公司,北京飞斯科科技有限公司,2021-09-28,783,1
一汽解放汽车有限公司2022年秋季校园招聘,一汽解放汽车有限公司,2021-09-28,734,1
北京亚控科技发展有限公司,北京亚控科技发展有限公司,2021-09-28,762,4
广西科技大学2021-2022年面向海内外诚聘优秀人才,广西科技大学,2021-09-27,684,1
福建省招标采购集团有限公司2022届校园招聘,福建省招标采购集团有限公司,2021-09-27,676,1
一汽解放汽车有限公司2022年秋季校园招聘,一汽解放汽车有限公司,2021-09-27,694,1
启元世界（北京）信息技术服务有限公司,启元世界（北京）信息技术服务有限公司,2021-09-27,840,4
国家工信安全中心（工信部电子一所）2022校园招聘,国家工业信息安全发展研究中心,2021-09-27,924,1
东北电力大学2021年秋季招聘公告,北京南方国际人力资源顾问有限公司,2021-09-27,750,1
湖南泛联新安信息科技有限公司,湖南泛联新安信息科技有限公司,2021-09-26,691,3
中国船舶第八研究院（扬州院区·原七二三所）诚聘人才公告,北京南方国际人力资源顾问有限公司,2021-09-26,670,1
意昂—郑州中原国际汽车研究院2022校园招聘,意昂神州(北京)科技有限公司,2021-09-25,674,6
北大医疗信息技术有限公司,北大医疗信息技术有限公司,2021-09-24,719,9
22届毕业生，医疗仪器行业offer待查！,北京贝尔生物工程股份有限公司,2021-09-24,700,2
锐方（上海）私募基金管理有限公司,锐方（上海）私募基金管理有限公司,2021-09-24,672,2
张江实验室光子芯片研发部博士后招聘公告,张江实验室,2021-09-23,692,1
中电科风华信息装备股份有限公司,中电科风华信息装备股份有限公司,2021-09-23,682,1
2022中公教育校园招聘-管培生,,2021-09-23,679,1
北京国双科技有限公司,北京国双科技有限公司,2021-09-23,753,1
中安威士（北京）科技有限公司,中安威士（北京）科技有限公司,2021-09-23,720,1
北京理工雷科电子信息技术有限公司,北京理工雷科电子信息技术有限公司,2021-09-22,766,8
数码视讯科技集团2022届校园招聘,北京数码视讯科技股份有限公司,2021-09-22,713,1
广东宽普科技有限公司,广东宽普科技有限公司,2021-09-22,711,4
深圳市松鼠教育科技有限公司,深圳市松鼠教育科技有限公司,2021-09-22,693,1
中国网安（含中国电科三十所）2022届校园招聘,中国电子科技集团公司第三十研究所,2021-09-22,754,1
内蒙古大学常年引进高层次人才公告（中英文版）,北京神州硕博信息技术有限公司,2021-09-22,712,1
北京北航天宇长鹰无人机科技有限公司,北京北航天宇长鹰无人机科技有限公司,2021-09-21,1034,1
烽台科技（北京）有限公司,烽台科技（北京）有限公司,2021-09-18,759,4
南京途善久文化传播有限公司,南京途善久文化传播有限公司,2021-09-18,710,1
电子科技大学成都学院教学资源部数据工程师招聘公告,北京君林浩海科技咨询有限公司,2021-09-18,995,1
中国航空综合技术研究所2022校园招聘,中国航空综合技术研究所,2021-09-18,912,4
武汉达梦数据库股份有限公司,武汉达梦数据库股份有限公司,2021-09-17,719,6
汉王科技股份有限公司,汉王科技股份有限公司,2021-09-17,737,3
Longer Pump-软件工程师,英国豪迈国际有限公司上海代表处,2021-09-17,716,1
中信网络有限公司,中信网络有限公司,2021-09-17,777,3
索菲亚集团2022届校园招聘,索菲亚家居股份有限公司,2021-09-16,706,10
中交基础设施养护集团有限公司,中交基础设施养护集团有限公司,2021-09-16,711,1
桂林力源粮油食品集团有限公司,桂林力源粮油食品集团有限公司,2021-09-16,694,1
唐山市环境规划科学研究院（唐山市生态环境宣传教育中心）2022届校园招聘,唐山市环境保护研究所,2021-09-16,713,1
远东控股集团有限公司,远东控股集团有限公司,2021-09-16,695,4
华芯巨数（杭州）微电子有限公司,华芯巨数（杭州）微电子有限公司,2021-09-16,703,4
乐玩新大地（北京）科技有限公司,乐玩新大地（北京）科技有限公司,2021-09-16,718,6
香港科技大学22fall数据建模硕士学位项目宣讲会,南京途善久文化传播有限公司,2021-09-15,730,1
福建工程学院2022年师资招聘,福建工程学院,2021-09-15,714,1
北京和利时系统工程有限公司,北京和利时系统工程有限公司,2021-09-15,727,4
无锡中感微电子有限公司,无锡中感微电子有限公司,2021-09-15,722,3
杭州趣链科技有限公司,杭州趣链科技有限公司,2021-09-15,716,3
交通运输部天津水运工程科学研究所,交通运输部天津水运工程科学研究所,2021-09-15,707,1
厦门二维进化网络技术有限公司,厦门二维进化网络技术有限公司,2021-09-15,576,11
中建二局一公司2022校园精英招聘,中建二局第一建筑工程有限公司,2021-09-14,746,1
无量科技股份有限公司,无量科技股份有限公司,2021-09-14,743,1
北大医信2022届校园招聘,北大医疗信息技术有限公司,2021-09-14,737,14
北京微纳星空科技有限公司,北京微纳星空科技有限公司,2021-09-14,732,5
贵阳市创业投资有限公司,贵阳市创业投资有限公司,2021-09-14,722,3
中国国际贸易促进委员会专利商标事务所,中国国际贸易促进委员会专利商标事务所,2021-09-14,685,3
苏州雄立科技有限公司,苏州雄立科技有限公司,2021-09-14,696,6
中建三局2022“争先之星”校园招聘简章,中建三局集团有限公司,2021-09-13,724,1
扬州宇安电子科技有限公司,扬州宇安电子科技有限公司,2021-09-13,702,9
北京数势云创科技有限公司,北京数势云创科技有限公司,2021-09-13,737,3
数码视讯科技集团2022届校园招聘,北京数码视讯科技股份有限公司,2021-09-13,761,1
中国科学院武汉岩土力学研究所科研岗位和特别研究助理（含博士后）招聘简章【长期有效】,中国科学院武汉岩土力学研究所,2021-09-13,734,1
北京爱学习博乐教育科技有限公司,北京爱学习博乐教育科技有限公司,2021-09-13,733,2
创新奇智2022年校园招聘,青岛创新奇智科技集团股份有限公司,2021-09-13,749,7
正青春 创未来|广州联通2022届校园招聘,中国联合网络通信有限公司广州市分公司,2021-09-13,732,9
富士康工业互联网股份有限公司2022校园招聘简章,富士康工业互联网股份有限公司,2021-09-13,690,3
宇通集团2022届校园招聘简章,郑州宇通集团有限公司,2021-09-10,725,1
大唐高鸿2022年校园招聘信息,大唐高鸿数据网路技术股份有限公司,2021-09-10,785,10
恰青春，正当燃—当当网2022校园招聘公告,北京当当网信息技术有限公司,2021-09-10,732,1
广东赛微微电子股份有限公司,广东赛微微电子股份有限公司,2021-09-10,719,5
荣盛盟固利新能源科技股份有限公司,荣盛盟固利新能源科技股份有限公司,2021-09-10,761,14
芯讯通无线科技（上海）有限公司,芯讯通无线科技有限公司,2021-09-10,744,3
“乘风而上，未来有你” ——天风证券2022届校园招聘简章,天风证券股份有限公司,2021-09-10,691,1
北京北方华创微电子装备有限公司,北京北方华创微电子装备有限公司,2021-09-09,704,1
北京北方华创微电子装备有限公司,北京北方华创微电子装备有限公司,2021-09-09,705,1
北京中科科仪股份有限公司2022届校园招聘,北京中科科仪股份有限公司,2021-09-09,713,1
航天恒星科技有限公司,航天恒星科技有限公司,2021-09-09,821,13
深圳市环波科技有限责任公司,深圳市环波科技有限责任公司,2021-09-09,716,6
中铁物贸集团有限公司,中铁物贸集团有限公司,2021-09-08,763,1
广州乐牛软件科技有限公司,广州乐牛软件科技有限公司,2021-09-08,776,1
北京阿凡提互娱科技有限公司,北京阿凡提互娱科技有限公司,2021-09-08,742,3
中科曙光2022届校园招聘简章,曙光信息产业股份有限公司,2021-09-08,836,1
智慧互通（AIPARK）2022校园招聘,智慧互通科技股份有限公司北京分公司,2021-09-08,830,1
北京智源人工智能研究院,北京智源人工智能研究院,2021-09-08,755,1
深圳市兴海物联科技有限公司,深圳市兴海物联科技有限公司,2021-09-08,698,5
浙江诺诺网络科技有限公司,浙江诺诺网络科技有限公司,2021-09-08,705,4
南京国兆光电科技有限公司,南京国兆光电科技有限公司,2021-09-08,710,11
北京智一科技校园招聘——全职岗位,北京智一科技有限公司,2021-09-08,718,9
晨山（北京）企业管理咨询有限公司,晨山（北京）企业管理咨询有限公司,2021-09-07,711,1
中国电子科技网络信息安全有限公司,中国电子科技网络信息安全有限公司,2021-09-07,740,1
北京数码视讯科技股份有限公司,北京数码视讯科技股份有限公司,2021-09-07,714,1
深圳市纽创信安科技开发有限公司,深圳市纽创信安科技开发有限公司,2021-09-07,704,13
中国船舶工业综合技术经济研究院2022年校园招聘,中国船舶工业综合技术经济研究院,2021-09-07,779,1
牛津（海南）区块链研究院有限公司,牛津（海南）区块链研究院有限公司,2021-09-07,746,6
西北工业大学无人机所2022校园招聘,西安爱生技术集团公司,2021-09-07,732,1
“才聚淄博”小程序-淄博市人社局推出,淄博市就业服务中心,2021-09-07,741,1
广州市中大管理咨询有限公司,广州市中大管理咨询有限公司,2021-09-06,711,6
帆软软件有限公司,帆软软件有限公司,2021-09-06,709,5
东方剑桥集团,东方剑桥集团,2021-09-06,729,1
广东智能无人系统研究院2022年校园招聘公告,广东智能无人系统研究院,2021-09-06,755,1
内蒙古蒙牛乳业（集团）股份有限公司,内蒙古蒙牛乳业（集团）股份有限公司,2021-09-06,732,1
上海唯捷创芯电子技术有限公司,上海唯捷创芯电子技术有限公司,2021-09-06,724,2
一汽奔腾2022全球校园招聘,一汽奔腾轿车有限公司,2021-09-06,761,1
苏州新东方培训学校有限公司,苏州新东方培训学校有限公司,2021-09-06,724,5
深圳哈稀网络技术有限公司,深圳哈稀网络技术有限公司,2021-09-06,738,5
广东省电信规划设计院有限公司北京分院2022校园招聘,广东省电信规划设计院有限公司,2021-09-05,745,5
中国科学院沈阳自动化研究所2021-2022年校园招聘,中国科学院沈阳自动化研究所,2021-09-04,818,2
一汽解放青岛汽车有限公司,一汽解放青岛汽车有限公司,2021-09-03,680,1
锐捷网络2022届校园招聘简章,北京星网锐捷网络,2021-09-03,767,26
启明信息技术股份有限公司2022年校园招聘简章,启明信息技术股份有限公司,2021-09-03,747,5
北京亚控科技发展有限公司2022届校园招聘简章,北京亚控科技发展有限公司,2021-09-03,770,4
邯郸制药股份有限公司,邯郸制药股份有限公司,2021-09-03,748,2
中国科学院沈阳自动化研究所2021-2022年校园招聘,中国科学院沈阳自动化研究所,2021-09-03,792,2
【鼎阳科技】和光同行，为你而来！2022届校园招聘正在进行中,深圳市鼎阳科技股份有限公司,2021-09-03,748,1
超越科技股份有限公司,超越科技股份有限公司,2021-09-03,774,9
浙江臻镭科技股份有限公司,浙江臻镭科技股份有限公司,2021-09-03,764,12
珠海亿智电子科技有限公司,珠海亿智电子科技有限公司,2021-09-03,725,11
中建三局信息技术研究院2022校园招聘,中建三局安装工程有限公司,2021-09-02,770,4
珠海剑心互动娱乐有限公司,珠海剑心互动娱乐有限公司,2021-09-02,725,1
迪士尼(Disney)全资在线视频公司 Disney+ Hotstar 2022年校园招聘,寰理文化传播(上海)有限公司北京分公司,2021-09-02,744,1
北京品驰医疗设备有限公司,北京品驰医疗设备有限公司,2021-09-02,747,1
山东五征集团有限公司,山东五征集团有限公司,2021-09-02,731,12
中国船舶第八研究院（南京）2022届校园招聘,北京神州硕博信息技术有限公司,2021-09-02,826,1
埃里斯克矿山工程机械(北京）有限公司,埃里斯克矿山工程机械(北京）有限公司,2021-09-02,703,1
曼迪匹艾（北京）科技服务有限公司,曼迪匹艾（北京）科技服务有限公司,2021-09-02,816,1
昆明心霖公社教育中心2022届校园招聘简章,昆明心霖公社培训学校,2021-09-02,732,2
中国核工业集团有限公司,中国核工业集团有限公司,2021-09-01,838,1
北京智连渔达网络技术有限责任公司,北京智连渔达网络技术有限责任公司,2021-09-01,751,1
青岛上合航天科技有限公司2022校招,青岛上合航天科技有限公司,2021-09-01,771,1
中建智能技术有限公司2022年校园招聘简章,中建智能技术有限公司,2021-09-01,764,6
福建永荣控股集团有限公司,福建永荣控股集团有限公司,2021-09-01,752,1
中建-大成建筑有限责任公司,中建-大成建筑有限责任公司,2021-09-01,783,4
北京博乐科技有限公司,北京博乐科技有限公司,2021-09-01,735,3
年少有为 智创未来——东信创智2022年校园招聘,沈阳东信创智科技有限公司,2021-09-01,689,12
北京威努特技术有限公司,北京威努特技术有限公司,2021-09-01,910,8
特斯拉（上海）有限公司,特斯拉（上海）有限公司,2021-09-01,741,10
森思泰克河北科技有限公司,森思泰克河北科技有限公司,2021-09-01,629,19
中国电子科技集团公司第九研究所2021-2022年校园招聘,西南应用磁学研究所（中国电子科技集团公司第九研究所）,2021-09-01,781,2
中钢招标有限责任公司,中钢招标有限责任公司,2021-09-01,669,1
